{
    "camera_matrix": [
        [
            1381.2870410610528,
            0.0,
            609.2616368532443
        ],
        [
            0.0,
            1410.1934137649462,
            380.89647173154975
        ],
        [
            0.0,
            0.0,
            1.0
        ]
    ],
    "dist_coefficients": [
        [
            0.3277110794081981,
            -10.040639694630121,
            -0.008637784469658266,
            -0.08391471654141584,
            49.07735821474451
        ]
    ],
    "status": "calibrated",
    "checkerboard": [
        9,
        6
    ]
}