{
    "camera_matrix": [
        [
            1097.5840828812597,
            0.0,
            1025.247734218068
        ],
        [
            0.0,
            984.0683528693361,
            385.81068894476743
        ],
        [
            0.0,
            0.0,
            1.0
        ]
    ],
    "dist_coefficients": [
        [
            -0.48659317148416364,
            0.8148522049914797,
            -0.012198322959003607,
            0.041759706725023424,
            -0.5303064734026546
        ]
    ],
    "status": "calibrated",
    "checkerboard": [
        9,
        6
    ]
}