{
    "camera_matrix": [
        [
            1219.7631989880483,
            0.0,
            507.8839176755435
        ],
        [
            0.0,
            1184.851857797092,
            465.22873186217737
        ],
        [
            0.0,
            0.0,
            1.0
        ]
    ],
    "dist_coefficients": [
        [
            -0.5197094540493213,
            3.961362751489682,
            0.017704619489912643,
            -0.015419393112175083,
            -10.148912820904279
        ]
    ],
    "status": "calibrated",
    "checkerboard": [
        10,
        8
    ]
}