{
    "camera_matrix": [
        [
            1579.49739441159,
            0.0,
            944.532445859077
        ],
        [
            0.0,
            1579.8473739097706,
            586.0882273991399
        ],
        [
            0.0,
            0.0,
            1.0
        ]
    ],
    "dist_coefficients": [
        [
            0.02230391407919733,
            -0.3545657459462628,
            0.005085703083407154,
            0.00554024891080399,
            1.4724328071165218
        ]
    ],
    "status": "calibrated",
    "checkerboard": [
        10,
        8
    ]
}