{
    "rotation_matrix": [
        [
            0.5368061498962569,
            0.12701314545330517,
            -0.834090413753578
        ],
        [
            -0.26746268664037004,
            0.96323190859204,
            -0.0254558740814559
        ],
        [
            0.8001892705408343,
            0.23675293272142006,
            0.5510400894301014
        ]
    ],
    "vector": [
        [
            831.4872874275917
        ],
        [
            -26.55332160397717
        ],
        [
            1160.7649862228707
        ]
    ]
}