{
    "rotation_matrix": [
        [
            0.48328654065320814,
            -0.6893005906857919,
            -0.5397210532336807
        ],
        [
            0.7338082515918767,
            0.6551688244323698,
            -0.17966430192884686
        ],
        [
            0.4774511174132156,
            -0.30922242346266754,
            0.8224487359761378
        ]
    ],
    "vector": [
        [
            1051.558450064743
        ],
        [
            270.9568057495353
        ],
        [
            2094.0732874096116
        ]
    ]
}